"municipio","medalha_count"
"SÃO PAULO","324"
"RIO DE JANEIRO","315"
"FORTALEZA","214"
"BRASILIA","175"
"MANAUS","142"
"BELO HORIZONTE","121"
"CURITIBA","102"
"RECIFE","100"
"SÃO JOSÉ DOS CAMPOS","94"
"JOINVILLE","94"
"PORTO ALEGRE","74"
"BOA VISTA","61"
"CAMPO GRANDE","61"
"CAMPINAS","57"
"FLORIANOPOLIS","49"
"TERESINA","45"
"JARAGUA DO SUL","42"
"UBERLÂNDIA","41"
"SALVADOR","40"
"JUIZ DE FORA","40"
"GOIÂNIA","39"
"MACAPA","39"
"BARUERI","38"
"VITORIA","36"
"COCAL DOS ALVES","36"
"RIBEIRAO PRETO","34"
"BARBACENA","32"
"BELÉM","31"
"SANTA MARIA","28"
"MACEIO","27"
"RIO BRANCO","26"
"SÃO CARLOS","26"
"BLUMENAU","26"
"JOÃO PESSOA","25"
"SOROCABA","25"
"SERTAOZINHO","25"
"FARROUPILHA","25"
"FRANCA","25"
"BETIM","24"
"VALINHOS","24"
"SOBRAL","24"
"CRICIUMA","23"
"IPATINGA","23"
"CASCAVEL","22"
"GUARULHOS","22"
"SÃO BERNARDO DO CAMPO","21"
"NOVO HAMBURGO","21"
"SANTANA DE PARNAIBA","20"
"INDAIATUBA","20"
"CAXIAS DO SUL","19"
"JUNDIAI","19"
"NATAL","19"
"DOMINGOS MARTINS","19"
"OEIRAS","19"
"PALMAS","19"
"SERRA","19"
"NITERÓI","18"
"LONDRINA","18"
"VILA VELHA","16"
"PIRACICABA","16"
"MATO VERDE","15"
"PETROLINA","15"
"POMERODE","15"
"MARECHAL FLORIANO","15"
"PORTO GRANDE","15"
"CHAPECO","15"
"ANGRA DOS REIS","15"
"TIMOTEO","15"
"CONCORDIA","15"
"ITAPETININGA","14"
"MOGI DAS CRUZES","14"
"SÃO LUÍS","14"
"CONSELHEIRO LAFAIETE","14"
"DIVINOPOLIS","14"
"QUIXABA","13"
"NOVA PETROPOLIS","13"
"TANQUE NOVO","13"
"CONTAGEM","13"
"SAO BENTO DO SUL","13"
"ICARA","13"
"AMERICANA","13"
"MASSARANDUBA","12"
"SAO JOAO DA BOA VISTA","12"
"SANTO ANDRE","12"
"JI-PARANA","12"
"SUZANO","12"
"MOSSORO","12"
"GOVERNADOR VALADARES","12"
"MOGI GUACU","12"
"BAURU","12"
"CANOAS","12"
"CRUZEIRO DO SUL","12"
"VIÇOSA","12"
"RONDONOPOLIS","12"
"ARACAJU","12"
"OLIMPIA","11"
"FLORES DA CUNHA","11"
"SAO GONCALO DO AMARANTE","11"
"TAUBATE","11"
"SAPIRANGA","11"
"SÃO JOSÉ DO RIO PRETO","11"
"CUIABA","11"
"RIO DAS OSTRAS","11"
"NAZARE DA MATA","11"
"ARAPIRACA","11"
"CORURIPE","11"
"MONTES CLAROS","11"
"PATO BRANCO","11"
"SAO CAETANO DO SUL","10"
"POUSO ALEGRE","10"
"BRUSQUE","10"
"ARARAQUARA","10"
"ANAPOLIS","10"
"SANTA BARBARA D'OESTE","10"
"ERECHIM","10"
"COLATINA","10"
"BIRIGUI","10"
"LAJEADO","10"
"ITABIRITO","10"
"VOLTA REDONDA","10"
"ITAPOLIS","10"
"ANTONIO CARLOS","10"
"TOLEDO","10"
"PARNAMIRIM","10"
"MURIAE","9"
"UBERABA","9"
"FREDERICO WESTPHALEN","9"
"GURUPI","9"
"CARMO DO PARANAIBA","9"
"UBA","9"
"PONTA GROSSA","9"
"VINHEDO","9"
"CAMPO BOM","9"
"CEU AZUL","9"
"FERNANDOPOLIS","9"
"PINDAMONHANGABA","9"
"CARUARU","9"
"BENTO GONCALVES","9"
"RIBEIRAO PIRES","8"
"ITAJAI","8"
"MARINGA","8"
"CAPIVARI","8"
"PASSO FUNDO","8"
"APARECIDA DE GOIANIA","8"
"PARINTINS","8"
"SAO JOSE DE RIBAMAR","8"
"FOZ DO IGUACU","8"
"PARELHAS","8"
"MARABÁ","8"
"SANTA LUZIA","8"
"ITAPIPOCA","8"
"ITATIBA","8"
"IPORA DO OESTE","8"
"IJUI","8"
"CANOINHAS","8"
"IRATI","8"
"MANHUACU","8"
"SETE LAGOAS","8"
"JURUTI","8"
"AMPARO","8"
"JIJOCA DE JERICOACOARA","7"
"HORIZONTINA","7"
"CAETE","7"
"FARTURA","7"
"BARRA DA ESTIVA","7"
"ITU","7"
"MARILIA","7"
"CAMPOS DOS GOYTACAZES","7"
"PIMENTA BUENO","7"
"ESTRELA","7"
"PARAIPABA","7"
"SANTA CRUZ DO SUL","7"
"IVOTI","7"
"COLOMBIA","7"
"ITAPECERICA DA SERRA","7"
"PALMITOS","7"
"BARRETOS","7"
"FORMOSA DA SERRA NEGRA","7"
"PRESIDENTE MEDICI","7"
"SENA MADUREIRA","7"
"JALES","7"
"QUIXADA","7"
"LUCAS DO RIO VERDE","7"
"CARATINGA","7"
"PITANGUI","7"
"SAO SEBASTIAO DO PARAISO","7"
"JUAZEIRO DO NORTE","7"
"BOTUPORA","7"
"CARAGUATATUBA","7"
"CUBATAO","7"
"DOURADOS","7"
"SAO GONCALO","7"
"ALFREDO CHAVES","7"
"PRAIA GRANDE","7"
"ITABIRA","6"
"CACOAL","6"
"BRAGANCA PAULISTA","6"
"OURO PRETO","6"
"LUZERNA","6"
"AGUA BRANCA","6"
"ITABAIANA","6"
"BREJINHO","6"
"VOTUPORANGA","6"
"JAGUARIUNA","6"
"IMBITUVA","6"
"TUPA","6"
"ROLIM DE MOURA","6"
"PORTO VELHO","6"
"ARAUJOS","6"
"SAO JOAO DO PARAISO","6"
"SCHROEDER","6"
"VIDEIRA","6"
"SANTOS","6"
"PATOS","6"
"ARROIO DO MEIO","6"
"PIRANGA","6"
"SAO JOSE","6"
"ARAGUAÍNA","6"
"CAMPO NOVO DO PARECIS","6"
"CLAUDIO","6"
"DORES DO TURVO","6"
"NAVEGANTES","6"
"POMBAL","6"
"LICINIO DE ALMEIDA","6"
"ENTRE FOLHAS","6"
"IMPERATRIZ","6"
"IOMERE","6"
"ITAPEVA","6"
"BALNEARIO CAMBORIU","6"
"SAO LUIZ GONZAGA","6"
"PIRACURUCA","6"
"CARIRE","6"
"CAMPO ALEGRE","6"
"SANTARÉM","6"
"MARECHAL CANDIDO RONDON","6"
"IUNA","6"
"RAUL SOARES","6"
"ARACATUBA","6"
"MOMBACA","6"
"SAO MATEUS","6"
"OSASCO","5"
"CAUCAIA","5"
"AFOGADOS DA INGAZEIRA","5"
"VILA PAVAO","5"
"JAU","5"
"JAGUARE","5"
"LIMEIRA","5"
"PEREIRO","5"
"IPANEMA","5"
"SANTO ANGELO","5"
"RIO CLARO","5"
"MONTANHA","5"
"ITAUNA","5"
"COLINAS DO TOCANTINS","5"
"EUCLIDES DA CUNHA PAULISTA","5"
"GUARUJA","5"
"MAUA","5"
"PORTEIRINHA","5"
"GUAXUPE","5"
"CACADOR","5"
"MONTE CARMELO","5"
"UBIRATA","5"
"AVARE","5"
"PRESIDENTE PRUDENTE","5"
"TIANGUA","5"
"FRANCISCO BELTRAO","5"
"ITAPEMA","5"
"MAFRA","5"
"ARACRUZ","5"
"SORRISO","5"
"GAROPABA","5"
"CACHOEIRO DE ITAPEMIRIM","5"
"URUPES","5"
"PAULINIA","5"
"PRESIDENTE BERNARDES","5"
"SAO PAULO DAS MISSOES","5"
"ALEGRE","5"
"EUSEBIO","5"
"SANTANA DO MUNDAU","5"
"ESTANCIA VELHA","5"
"CABREUVA","5"
"SEARA","5"
"CONDEUBA","5"
"ESTREITO","5"
"SANTA FE DO SUL","5"
"LAGOA DA CANOA","5"
"MISSAL","5"
"IMIGRANTE","5"
"ROLANTE","5"
"NOVA MUTUM","5"
"PASSOS","5"
"BRUMADO","5"
"SUMARE","5"
"RIO VERDE","5"
"PARAUAPEBAS","5"
"ITAITUBA","5"
"DOIS IRMAOS","5"
"MIRASSOL","5"
"AGUAS DE LINDOIA","5"
"VISCONDE DO RIO BRANCO","5"
"COIMBRA","5"
"BOM PRINCIPIO","5"
"PALHOCA","5"
"TUPANDI","5"
"CRUZETA","5"
"TIMBIRAS","4"
"MORTUGABA","4"
"CATAGUASES","4"
"LIMA DUARTE","4"
"SAO CARLOS","4"
"ARAPONGAS","4"
"LAVRAS","4"
"CAMACARI","4"
"VITORIA DA CONQUISTA","4"
"SENADOR FIRMINO","4"
"ITAPECERICA","4"
"PORTO FERREIRA","4"
"AGUIA BRANCA","4"
"XAXIM","4"
"SAO JOSE DOS PINHAIS","4"
"ITAPIRANGA","4"
"PIRAJU","4"
"BELA CRUZ","4"
"PARAISO DO TOCANTINS","4"
"PICUI","4"
"MONTE MOR","4"
"MONTE ALTO","4"
"SOLIDAO","4"
"PEREIRA BARRETO","4"
"GASPAR","4"
"CAMPO MOURAO","4"
"GARIBALDI","4"
"AQUIDAUANA","4"
"JOAO MONLEVADE","4"
"PIRATUBA","4"
"MARANGUAPE","4"
"MUTUM","4"
"LARANJA DA TERRA","4"
"IGUATU","4"
"NOVA SANTA ROSA","4"
"CARBONITA","4"
"SAO JOAO DO ORIENTE","4"
"SAO JOSE DO RIO CLARO","4"
"SALTO","4"
"SAO JOAO DEL REI","4"
"AFONSO CLAUDIO","4"
"GUARACIABA","4"
"RIO DO SUL","4"
"HORTOLANDIA","4"
"IBITINGA","4"
"MARACANAU","4"
"TIMBO","4"
"PALMEIROPOLIS","4"
"ARARAS","4"
"CAPAO BONITO","4"
"SANTA RITA DO PASSA QUATRO","4"
"IGREJINHA","4"
"PELOTAS","4"
"BARRA MANSA","4"
"TANABI","4"
"BOM CONSELHO","4"
"SAO MIGUEL DO IGUACU","4"
"PATOS DE MINAS","4"
"SAO JOAO DO OESTE","4"
"SANTA MARIA DE JETIBA","4"
"CAPINZAL","4"
"JUINA","4"
"MARITUBA","4"
"CERQUILHO","4"
"NOVA LIMA","4"
"SAO ROQUE DO CANAA","4"
"XAPURI","4"
"FORMOSA","4"
"TARUMIRIM","4"
"COLINAS","4"
"GOVERNADOR LINDENBERG","4"
"ORIXIMINA","4"
"SAO JOSE DO EGITO","4"
"CARNAIBA","4"
"OSORIO","4"
"BRUMADINHO","4"
"PALMEIRA DOS INDIOS","4"
"INHAPIM","4"
"PARA DE MINAS","4"
"LENCOIS PAULISTA","4"
"GARANHUNS","4"
"UBATUBA","4"
"TOBIAS BARRETO","4"
"RESENDE COSTA","4"
"TEIXEIRA DE FREITAS","4"
"REGISTRO","4"
"NOVA RESENDE","4"
"CRATEUS","4"
"SANTA HELENA DE GOIAS","4"
"BENEVIDES","4"
"RIO PIRACICABA","4"
"TEOTONIO VILELA","4"
"TRES COROAS","4"
"BOMBINHAS","4"
"GUARAPARI","4"
"CRAVINHOS","4"
"SANTA RITA DE MINAS","4"
"MARECHAL DEODORO","4"
"PANAMBI","4"
"PAULISTA","4"
"OLIVEIRA","4"
"SANTA HELENA","4"
"SANTANA DO LIVRAMENTO","4"
"TAIOBEIRAS","4"
"RERIUTABA","4"
"IPUMIRIM","4"
"CATANDUVA","4"
"POTIRENDABA","4"
"CAPELINHA","4"
"UPANEMA","4"
"CORUPA","4"
"GRANJA","4"
"MONTE ALEGRE DE SERGIPE","4"
"LIMOEIRO DO NORTE","4"
"TARAUACA","4"
"PENTECOSTE","4"
"QUIXERAMOBIM","3"
"LINHARES","3"
"OURINHOS","3"
"RESPLENDOR","3"
"OURO BRANCO","3"
"TEIXEIRA SOARES","3"
"PLANALTO","3"
"GUACUI","3"
"LEME","3"
"SANTA ALBERTINA","3"
"POCOS DE CALDAS","3"
"ARROIO DO SAL","3"
"ITACOATIARA","3"
"MARAU","3"
"SAO MIGUEL DOS CAMPOS","3"
"VARGEM GRANDE DO SUL","3"
"PRESIDENTE GETULIO","3"
"PLANALTINA","3"
"ITANHAEM","3"
"MACAE","3"
"POPULINA","3"
"GUARAPUAVA","3"
"DUQUE DE CAXIAS","3"
"VARGEM ALTA","3"
"MORRINHOS","3"
"GOIANESIA","3"
"ARIQUEMES","3"
"BRASILEIA","3"
"QUEDAS DO IGUACU","3"
"CRUZ","3"
"AGUA DOCE DO MARANHAO","3"
"PEDREGULHO","3"
"SANTA RITA DO SAPUCAI","3"
"DRACENA","3"
"ENCRUZILHADA DO SUL","3"
"JEQUIA DA PRAIA","3"
"JAGUARIAIVA","3"
"SAO CRISTOVAO","3"
"SAPUCAIA DO SUL","3"
"ACARAU","3"
"TRES DE MAIO","3"
"PALMEIRA D'OESTE","3"
"ITABAIANINHA","3"
"MAIRIPORA","3"
"ITAGUACU","3"
"CEDRO DE SAO JOAO","3"
"ASSIS","3"
"JAPURA","3"
"TABOAO DA SERRA","3"
"BRASOPOLIS","3"
"TRES PASSOS","3"
"TUPI PAULISTA","3"
"MORRO REUTER","3"
"ITANHOMI","3"
"ROQUE GONZALES","3"
"ITAJUBA","3"
"BOA VISTA DO SUL","3"
"PITANGUEIRAS","3"
"CONCEICAO DOS OUROS","3"
"SALTINHO","3"
"BARRA VELHA","3"
"MUCURI","3"
"RIQUEZA","3"
"RIO FORTUNA","3"
"SAO ROQUE","3"
"CAMOCIM","3"
"PETROPOLIS","3"
"CANINDE","3"
"TAIO","3"
"VOTORANTIM","3"
"RUSSAS","3"
"IAPU","3"
"CAPELA","3"
"SAO JOSE DO RIO PARDO","3"
"FORQUILHA","3"
"ANDRADAS","3"
"PINHAIS","3"
"ROLANDIA","3"
"SAO VENDELINO","3"
"GUANAMBI","3"
"JACAREI","3"
"LAJEDO","3"
"TANGARA DA SERRA","3"
"MATA DE SAO JOAO","3"
"ANTONIO PRADO","3"
"GUARABIRA","3"
"SOCORRO","3"
"CRUCILANDIA","3"
"EPITACIOLANDIA","3"
"IVAI","3"
"SANTA TEREZINHA","3"
"IVINHEMA","3"
"SAO JOAO DO SABUGI","3"
"MARAVILHA","3"
"JUCAS","3"
"JACUNDA","3"
"TAPERA","3"
"SAO FRANCISCO DO GLORIA","3"
"FRANCO DA ROCHA","3"
"LARANJAL DO JARI","3"
"CAMBUI","3"
"JATAÍ","3"
"IPIRANGA","3"
"ANTONIO DIAS","3"
"CAMPOS GERAIS","3"
"ENGENHEIRO CALDAS","3"
"CAMPOS SALES","3"
"NILOPOLIS","3"
"BEZERROS","3"
"IBATE","3"
"NOVO HORIZONTE","3"
"ALVORADA D'OESTE","3"
"ALTO BELA VISTA","3"
"PRESIDENTE OLEGARIO","3"
"FORQUILHINHA","3"
"SANTA BARBARA","3"
"TEUTONIA","3"
"IPUPIARA","3"
"LAGOA FORMOSA","3"
"TABATINGA","3"
"NAVIRAI","3"
"SALVADOR DO SUL","3"
"BORBOREMA","3"
"BATATAIS","3"
"MOGI MIRIM","3"
"SAO BONIFACIO","3"
"ITURAMA","3"
"OURO PRETO DO OESTE","3"
"TURMALINA","3"
"EUNAPOLIS","3"
"SAO LOURENCO DA MATA","3"
"CUPIRA","3"
"REDENCAO","3"
"MINAS NOVAS","3"
"SANTA MARIA DO SUACUI","3"
"SANTA SALETE","3"
"ACAILANDIA","3"
"PARAGUACU PAULISTA","3"
"APUI","3"
"OBIDOS","3"
"NOVA ODESSA","3"
"CAMPINA GRANDE","3"
"BOM RETIRO","3"
"CAMPOS DO JORDAO","3"
"ICONHA","3"
"SAO LEOPOLDO","3"
"TRES PONTAS","3"
"CAMPOS NOVOS","3"
"FARIAS BRITO","3"
"MARTINOPOLE","3"
"RIBEIRAO DAS NEVES","3"
"CARLOS BARBOSA","3"
"ESPIRITO SANTO DO PINHAL","3"
"JOSE BONIFACIO","3"
"ALTAMIRA","3"
"TUPANCI DO SUL","3"
"CACHOEIRA DE MINAS","3"
"VALENCA","3"
"ITAGUARA","3"
"SANTO ANTONIO DE PADUA","3"
"ITARARE","3"
"BARRA DE SAO FRANCISCO","3"
"SAO JOAO DO TRIUNFO","3"
"CAARAPO","3"
"RIBEIRA DO POMBAL","3"
"ITABUNA","3"
"ALVORADA","3"
"AIURUOCA","3"
"PARANAVAI","3"
"SANTA ROSA","3"
"FORMIGA","3"
"VENDA NOVA DO IMIGRANTE","3"
"DIVINESIA","3"
"ANDRADINA","2"
"SERRITA","2"
"CRISTINA","2"
"PRIMAVERA DO LESTE","2"
"PATROCINIO DO MURIAE","2"
"PRUDENTOPOLIS","2"
"PENHA","2"
"CAETITÉ","2"
"ESTEIO","2"
"SAO LOURENCO DO SUL","2"
"OCARA","2"
"ARARANGUA","2"
"SANTA CRUZ","2"
"TRES LAGOAS","2"
"CAIBI","2"
"INDAIAL","2"
"TAMARANA","2"
"CANAPOLIS","2"
"TREZE TILIAS","2"
"SAO DOMINGOS DO PRATA","2"
"COXIM","2"
"SANTA TERESA","2"
"QUATRO PONTES","2"
"MUCAMBO","2"
"VITOR MEIRELES","2"
"RIBEIRAO BRANCO","2"
"ALVARES FLORENCE","2"
"ANCHIETA","2"
"CAPITAO DE CAMPOS","2"
"PALOTINA","2"
"IRINEOPOLIS","2"
"SAO BENTO","2"
"CARAZINHO","2"
"LAGES","2"
"CATALÃO","2"
"MUZAMBINHO","2"
"GUANHAES","2"
"DIANOPOLIS","2"
"CLAUDIA","2"
"AMERICO DE CAMPOS","2"
"CASCALHO RICO","2"
"VIANOPOLIS","2"
"ITAITINGA","2"
"SANTA CRUZ DO CAPIBARIBE","2"
"SAO BENEDITO","2"
"MARACAS","2"
"ITAOCARA","2"
"POMPEU","2"
"SUME","2"
"FORMOSO DO ARAGUAIA","2"
"DEODAPOLIS","2"
"IBATIBA","2"
"TAQUARUCU DO SUL","2"
"PINHALZINHO","2"
"SAO VICENTE","2"
"CABO DE SANTO AGOSTINHO","2"
"TRIZIDELA DO VALE","2"
"ITAPIUNA","2"
"ARARIPE","2"
"PIRANGUINHO","2"
"PRADOS","2"
"BRODOWSKI","2"
"COROACI","2"
"DEPUTADO IRAPUAN PINHEIRO","2"
"SABARA","2"
"VICOSA DO CEARA","2"
"NOVA LARANJEIRAS","2"
"ANANAS","2"
"ARVOREZINHA","2"
"VIDAL RAMOS","2"
"AGUAS VERMELHAS","2"
"LINDOIA DO SUL","2"
"MORAUJO","2"
"QUIRINOPOLIS","2"
"PAU DOS FERROS","2"
"POTIRETAMA","2"
"SANTA CRUZ DA BAIXA VERDE","2"
"INCONFIDENTES","2"
"HOLAMBRA","2"
"IRECE","2"
"NOVA UNIAO","2"
"XANXERE","2"
"CARIRA","2"
"SAUDADES","2"
"BERIZAL","2"
"SERTANOPOLIS","2"
"SALTO DE PIRAPORA","2"
"PAROBE","2"
"CAPITAO LEONIDAS MARQUES","2"
"IPU","2"
"CAPOEIRAS","2"
"VIANA","2"
"SINOP","2"
"ALTO PARAISO","2"
"MESSIAS","2"
"VILHENA","2"
"NOVA VENECIA","2"
"LAMBARI","2"
"PARANA","2"
"SAO JOAQUIM DA BARRA","2"
"CARMESIA","2"
"COARI","2"
"BOA VISTA DA APARECIDA","2"
"AMPARO DE SAO FRANCISCO","2"
"CARVALHOPOLIS","2"
"TUPANCIRETA","2"
"CALDAS NOVAS","2"
"NARANDIBA","2"
"BOCA DO ACRE","2"
"MERIDIANO","2"
"SAO MIGUEL D'OESTE","2"
"IBIUNA","2"
"MUNIZ FREIRE","2"
"IGACI","2"
"MANACAPURU","2"
"ALTO ARAGUAIA","2"
"COREAU","2"
"ICARAIMA","2"
"SANTA VITORIA","2"
"PORTO DE MOZ","2"
"OROBO","2"
"JAGUARIBE","2"
"GARCA","2"
"MATINHA","2"
"ANITA GARIBALDI","2"
"ARCOS","2"
"PARNAIBA","2"
"GRACHO CARDOSO","2"
"COLIDER","2"
"CAIEIRAS","2"
"CARIUS","2"
"VITORIA DO JARI","2"
"PEDRO CANARIO","2"
"SANTA MARIA DO OESTE","2"
"VALE DO ANARI","2"
"BARIRI","2"
"SAO MARTINHO","2"
"ITARANA","2"
"BARRACAO","2"
"VAZANTE","2"
"ALPINOPOLIS","2"
"PRINCESA","2"
"TORRES","2"
"NEPOMUCENO","2"
"AMONTADA","2"
"CRUZEIRO DO OESTE","2"
"FLORIANO","2"
"ENTRE RIOS DO SUL","2"
"BASTOS","2"
"SELBACH","2"
"CANTAGALO","2"
"TEOFILO OTONI","2"
"PIRASSUNUNGA","2"
"GOIATUBA","2"
"ENCANTADO","2"
"NOVA ANDRADINA","2"
"RIO GRANDE DA SERRA","2"
"SERRA TALHADA","2"
"CAPITOLIO","2"
"PINGO D AGUA","2"
"SAO GABRIEL DO OESTE","2"
"SERAFINA CORREA","2"
"INDIAROBA","2"
"SAO TIAGO","2"
"ESTIVA","2"
"SENADOR CANEDO","2"
"PALESTINA","2"
"COMERCINHO","2"
"ARCOVERDE","2"
"IPORA","2"
"COTIA","2"
"FLORESTAL","2"
"SAO JOAO BATISTA DO GLORIA","2"
"MAIRINQUE","2"
"JARDIM DO SERIDO","2"
"TIETE","2"
"SANTANA DO PARAISO","2"
"COLORADO","2"
"SAO BERNARDO","2"
"SARZEDO","2"
"TUBARAO","2"
"JUQUITIBA","2"
"ENGENHEIRO COELHO","2"
"CORACAO DE JESUS","2"
"JUREMA","2"
"PIUMA","2"
"CAICO","2"
"CEDRAL","2"
"PARAMBU","2"
"PERIQUITO","2"
"COLOMBO","2"
"SAO FRANCISCO","2"
"ILICINEA","2"
"PARAISO","2"
"ITUIUTABA","2"
"CAPANEMA","2"
"OLINDA","2"
"HARMONIA","2"
"IBIRUBA","2"
"DATAS","2"
"NOVO ARIPUANA","2"
"GADO BRAVO","2"
"IPAPORANGA","2"
"BOITUVA","2"
"BOM JARDIM","2"
"SANTO ANTONIO DA PLATINA","2"
"GUABIRUBA","2"
"BOA VISTA DO BURICA","2"
"SOMBRIO","2"
"MEDEIROS NETO","2"
"ATIBAIA","2"
"TUCUNDUVA","2"
"LAGUNA","2"
"NUPORANGA","2"
"SALGUEIRO","2"
"SANTA CRUZ DO RIO PARDO","2"
"ALVARES MACHADO","2"
"REALEZA","2"
"SEBERI","2"
"CERQUEIRA CESAR","2"
"GOIOERE","2"
"PIRIPA","2"
"JUNQUEIROPOLIS","2"
"ACU","2"
"LARANJEIRAS DO SUL","2"
"TAQUARUSSU","2"
"BARROQUINHA","2"
"SAO DOMINGOS DO NORTE","2"
"OURO FINO","2"
"ANDARAI","2"
"RONDINHA","2"
"IGREJA NOVA","2"
"LOUVEIRA","2"
"SALTO VELOSO","2"
"VALPARAISO DE GOIAS","2"
"LUIZ ALVES","2"
"SANTA ROSA DE VITERBO","2"
"MACAUBAS","2"
"IVAIPORA","2"
"NOVA OLIMPIA","2"
"VILA VALERIO","2"
"JABOTICABAL","2"
"FEIRA NOVA","2"
"RODRIGUES ALVES","2"
"MONTE HOREBE","2"
"APODI","2"
"GUARA","2"
"BATALHA","2"
"CARIACICA","2"
"SAO JOSE DO VALE DO RIO PRETO","2"
"BACABAL","2"
"CAJAZEIRAS","2"
"VARZEA PAULISTA","2"
"PARACAMBI","2"
"SANTO AMARO DA IMPERATRIZ","2"
"SAO VICENTE DE MINAS","2"
"BREJO DE AREIA","2"
"CORDILHEIRA ALTA","2"
"CARIRIACU","2"
"ENTRE RIOS DE MINAS","2"
"CAMPINAS DO SUL","2"
"CORONEL FABRICIANO","2"
"FELIZ NATAL","2"
"CANDIDO GODOI","2"
"MIRACEMA DO TOCANTINS","2"
"ITAQUAQUECETUBA","2"
"CANELA","2"
"AJURICABA","2"
"VISTA SERRANA","2"
"DELFIM MOREIRA","2"
"CHAPADA GAUCHA","2"
"LAGOA GRANDE","2"
"VERMELHO NOVO","2"
"CORDEIROS","2"
"ESPINOSA","2"
"PATROCINIO","2"
"TAUA","2"
"JACAREZINHO","2"
"NOVO SANTO ANTONIO","2"
"APARECIDA DO TABOADO","2"
"FORTUNA","2"
"PALMA SOLA","2"
"DESCALVADO","2"
"PARAGOMINAS","2"
"SIMOES FILHO","2"
"CAMBE","2"
"MERUOCA","2"
"TERRA SANTA","2"
"SALES","2"
"ASTORGA","2"
"BODOCO","2"
"BOM JESUS DO GALHO","2"
"SANTA MARIA DA VITORIA","2"
"PORTO UNIAO","2"
"SANTA MARGARIDA","2"
"RIO BONITO DO IGUACU","2"
"PARIQUERA-ACU","2"
"JANDIRA","2"
"CARANDAI","2"
"MACHADINHO","2"
"SAO JOSE DA LAJE","2"
"CACHOEIRA DOURADA","2"
"LUIS EDUARDO MAGALHAES","2"
"IPUEIRAS","2"
"SANTA MARIA DO HERVAL","2"
"PORTAO","2"
"SURUBIM","2"
"BURI","2"
"SAO JOAO DO ARRAIAL","2"
"RIO DAS PEDRAS","2"
"AURORA","2"
"SALINAS","2"
"SAO SEBASTIAO DO MARANHAO","2"
"TRINDADE","2"
"POMPEIA","2"
"BURITIS","2"
"MONTE ALEGRE","2"
"PARANATINGA","2"
"ASSIS CHATEAUBRIAND","2"
"RORAINOPOLIS","2"
"ARAGUARI","2"
"CANTA","2"
"NOVA CANDELARIA","2"
"PAICANDU","2"
"UBIRAJARA","2"
"TAGUAI","2"
"GETULIO VARGAS","2"
"ITAREMA","2"
"TRAIRI","2"
"JAIBA","2"
"SAO GONCALO DO RIO ABAIXO","2"
"UMBUZEIRO","2"
"SAO JOAO DO SUL","2"
"ITIRAPINA","2"
"ITAJOBI","2"
"CAMPOS BELOS","2"
"PORTO NACIONAL","2"
"MONTE APRAZIVEL","2"
"NOVA HARTZ","2"
"SOBRADINHO","2"
"ORINDIUVA","2"
"SANTA LUZIA D'OESTE","2"
"BEBEDOURO","2"
"SENADOR AMARAL","2"
"CIANORTE","2"
"ESTANCIA","2"
"SAO JOAO NEPOMUCENO","2"
"MOJU","1"
"LAJE","1"
"NOVA VICOSA","1"
"CONDE","1"
"MATAO","1"
"LORENA","1"
"NOVA IGUACU","1"
"AMAMBAI","1"
"DOM JOAQUIM","1"
"EXTREMA","1"
"SANTANA","1"
"MARICA","1"
"IRACEMAPOLIS","1"
"CASTELO","1"
"BOM JESUS DO AMPARO","1"
"ITAOBIM","1"
"GUARATINGUETA","1"
"PIRIPIRI","1"
"RUY BARBOSA","1"
"CUNHA","1"
"PACAEMBU","1"
"SAO JOSE DO SABUGI","1"
"NOVO MACHADO","1"
"MANTENOPOLIS","1"
"IBIRACU","1"
"CANAPI","1"
"TEIXEIRAS","1"
"TEODORO SAMPAIO","1"
"ITUETA","1"
"SALVATERRA","1"
"BOM JESUS DO OESTE","1"
"PARAISO DO SUL","1"
"SEABRA","1"
"MUCURICI","1"
"DORES DO RIO PRETO","1"
"DIONISIO CERQUEIRA","1"
"SANTANA DO SAO FRANCISCO","1"
"ASSAI","1"
"BROTAS DE MACAUBAS","1"
"ROSARIO DO CATETE","1"
"PALMEIRA","1"
"SAO FRANCISCO DE ITABAPOANA","1"
"CEREJEIRAS","1"
"SAO JOAO DAS DUAS PONTES","1"
"JAGUARI","1"
"IBIRAPUA","1"
"CARAUBAS","1"
"IRACEMINHA","1"
"SITIO NOVO","1"
"VESPASIANO","1"
"PEDRA GRANDE","1"
"PILAR DO SUL","1"
"ANHANGUERA","1"
"SERRANOPOLIS DE MINAS","1"
"PINHEIRINHO DO VALE","1"
"BOCAINA","1"
"GUAIRA","1"
"LEOPOLDINA","1"
"MONCOES","1"
"CONFRESA","1"
"UNIAO DOS PALMARES","1"
"DOM EXPEDITO LOPES","1"
"DOM ELISEU","1"
"ARAGUATINS","1"
"PIACATU","1"
"BORBA","1"
"NOVA ITARANA","1"
"MONSENHOR TABOSA","1"
"MARIPA","1"
"SIMOES","1"
"CARUTAPERA","1"
"UBAITABA","1"
"ECOPORANGA","1"
"NOVA RAMADA","1"
"SAPEZAL","1"
"RIO NOVO","1"
"PIEDADE DO RIO GRANDE","1"
"CANGUCU","1"
"RIACHAO DO JACUIPE","1"
"RIACHO DA CRUZ","1"
"FRONTEIRAS","1"
"CARDEAL DA SILVA","1"
"PARAIBUNA","1"
"PALMARES","1"
"SERRA DO RAMALHO","1"
"PEDRANOPOLIS","1"
"CAMALAU","1"
"BREJO ALEGRE","1"
"SAO JOAQUIM DO MONTE","1"
"ALCOBACA","1"
"MANICORE","1"
"CAMETA","1"
"TIO HUGO","1"
"PAULA CANDIDO","1"
"TAPIRAI","1"
"SAO JOSE DE PRINCESA","1"
"SALVADOR DAS MISSOES","1"
"BELA VISTA DE GOIAS","1"
"VARGEM BONITA","1"
"NOVO ALEGRE","1"
"NINA RODRIGUES","1"
"TEIXEIRA","1"
"PINDAI","1"
"POXOREO","1"
"TAPURAH","1"
"IVOLANDIA","1"
"RONDA ALTA","1"
"TABOLEIRO GRANDE","1"
"IPUA","1"
"SAO JORGE D OESTE","1"
"PEDRINHAS PAULISTA","1"
"COSTA RICA","1"
"SANTA CECILIA DO PAVAO","1"
"AGRONOMICA","1"
"CAMPO LIMPO PAULISTA","1"
"ITACAMBIRA","1"
"GARUVA","1"
"MIRACEMA","1"
"CAMPO VERDE","1"
"MALHADOR","1"
"DOUTOR SEVERIANO","1"
"JAGUARUNA","1"
"CORONEL BARROS","1"
"JORDAO","1"
"JAGUARACU","1"
"NOVA AURORA","1"
"PIRAI","1"
"MANCIO LIMA","1"
"SERRANA","1"
"SANTA LUZIA DO NORTE","1"
"BOSSOROCA","1"
"ALCANTIL","1"
"PIACABUCU","1"
"COROADOS","1"
"MARIANA","1"
"IBIPORA","1"
"GUARATINGA","1"
"ITAPETIM","1"
"SENADOR GUIOMARD","1"
"JARINU","1"
"PEDRO AFONSO","1"
"VILA NOVA DO SUL","1"
"CAMPO DO BRITO","1"
"SERTAO SANTANA","1"
"JURUAIA","1"
"TUTOIA","1"
"PORTO DA FOLHA","1"
"SANTA MARIA DO CAMBUCA","1"
"CONCEICAO DO CASTELO","1"
"TRES BARRAS DO PARANA","1"
"RIO PARANAIBA","1"
"CAPIVARI DE BAIXO","1"
"BARREIRAS","1"
"CONGONHAS","1"
"CARRANCAS","1"
"UBARANA","1"
"GANDU","1"
"CANTANHEDE","1"
"MENDES","1"
"URUPEMA","1"
"SERITINGA","1"
"BARRINHA","1"
"SAO TOMAS DE AQUINO","1"
"BARROSO","1"
"LUZILANDIA","1"
"CONCEICAO DO JACUIPE","1"
"JATAUBA","1"
"ITUTINGA","1"
"SAO FRANCISCO DE ASSIS","1"
"MAZAGAO","1"
"CRUZILIA","1"
"ITAPERUCU","1"
"RIO POMBA","1"
"NOVA FATIMA","1"
"PIUMHI","1"
"ALTO LONGA","1"
"JANAUBA","1"
"VARJAO DE MINAS","1"
"PIRES FERREIRA","1"
"CAMPO DO MEIO","1"
"PERDIZES","1"
"BOTELHOS","1"
"MAMPITUBA","1"
"ITUPEVA","1"
"CAPELA NOVA","1"
"SANTANA DO ITARARE","1"
"COLONIA LEOPOLDINA","1"
"TABAPUA","1"
"MACAU","1"
"JOAQUIM PIRES","1"
"IBIRITE","1"
"GUARANI","1"
"NOVA SERRANA","1"
"BANDEIRANTE","1"
"JOAO CAMARA","1"
"OLIMPIO NORONHA","1"
"SAO GABRIEL DA PALHA","1"
"GOUVEIA","1"
"PANCAS","1"
"CONCEICAO DA BARRA","1"
"ALTO FELIZ","1"
"SANTO AUGUSTO","1"
"SANTANA DO ACARAU","1"
"IRAPUA","1"
"PRESIDENTE DUTRA","1"
"COELHO NETO","1"
"ASSARE","1"
"BARRO ALTO","1"
"MARIPA DE MINAS","1"
"GRAVATA","1"
"PIRENOPOLIS","1"
"ITABORAI","1"
"CONSOLACAO","1"
"OLHO D'AGUA DO CASADO","1"
"SAO BRAS DO SUACUI","1"
"LAGAMAR","1"
"RUBINEIA","1"
"JACARACI","1"
"CIPOTANEA","1"
"QUINTA DO SOL","1"
"TAQUARA","1"
"ALEGRIA","1"
"GUAPE","1"
"SAO LOURENCO DA SERRA","1"
"ELDORADO DO SUL","1"
"LARANJAL PAULISTA","1"
"POSSE","1"
"UNIAO DA VITORIA","1"
"LEME DO PRADO","1"
"IACRI","1"
"ITAPUCA","1"
"RIBEIRAO CLARO","1"
"RANCHARIA","1"
"PICARRAS","1"
"CAMUTANGA","1"
"MARI","1"
"ANAMA","1"
"DIVINO","1"
"TIMBURI","1"
"SAO VICENTE FERRER","1"
"CORREGO FUNDO","1"
"BARRAS","1"
"CORDEIROPOLIS","1"
"PONTAL DO PARANA","1"
"JAMBEIRO","1"
"CAMPINA GRANDE DO SUL","1"
"SANTA TERESINHA","1"
"VARZEA ALEGRE","1"
"ALTO SANTO","1"
"MONTE CARLO","1"
"TARRAFAS","1"
"PARANAGUA","1"
"PASSO DO SOBRADO","1"
"SAO JOSE DE PIRANHAS","1"
"COQUEIRO BAIXO","1"
"BONFIM","1"
"CAMBARA","1"
"PILOES","1"
"BURITIRAMA","1"
"JACOBINA","1"
"MONSENHOR PAULO","1"
"ARROIO DO TIGRE","1"
"SANTANA DA PONTE PENSA","1"
"CABEDELO","1"
"ITABERABA","1"
"JUMIRIM","1"
"BREJOES","1"
"CATOLE DO ROCHA","1"
"ITIQUIRA","1"
"DONA INES","1"
"BURITI DE GOIAS","1"
"VARGINHA","1"
"ALAGOINHAS","1"
"PALMITAL","1"
"PIEN","1"
"CABECEIRA GRANDE","1"
"CAXAMBU DO SUL","1"
"MONTEIRO","1"
"MUNDO NOVO","1"
"NOVA CANAA DO NORTE","1"
"CALDAS","1"
"ESTIVA GERBI","1"
"TUPASSI","1"
"ACOPIARA","1"
"TAQUARI","1"
"SANTANA DO IPANEMA","1"
"CAPISTRANO","1"
"CACHOEIRINHA","1"
"TERRA BOA","1"
"TEOLANDIA","1"
"SAO MIGUEL DO ARAGUAIA","1"
"PAULISTANIA","1"
"NOVA GRANADA","1"
"TABIRA","1"
"JAPARAIBA","1"
"SUL BRASIL","1"
"BENJAMIN CONSTANT","1"
"MACAMBIRA","1"
"IPIRA","1"
"CROATA","1"
"IBIARA","1"
"SAO FELIX DO TOCANTINS","1"
"ARAL MOREIRA","1"
"ITUPORANGA","1"
"MAJOR SALES","1"
"MIRASSOL DOESTE","1"
"CANGUARETAMA","1"
"CEDRO","1"
"GUAJARA-MIRIM","1"
"AREIA BRANCA","1"
"RIACHAO DO DANTAS","1"
"NOVA MARINGA","1"
"BOQUIM","1"
"CAMPO MAIOR","1"
"CANINDE DE SAO FRANCISCO","1"
"DOLCINOPOLIS","1"
"SEBASTIAO LEAL","1"
"SAO FIDELIS","1"
"SANTO CRISTO","1"
"ITAPORA","1"
"PEDERNEIRAS","1"
"SOLANEA","1"
"CAPIM GROSSO","1"
"ARUJA","1"
"NOVO ORIENTE","1"
"LUMINARIAS","1"
"TAQUARITINGA DO NORTE","1"
"BITURUNA","1"
"BELA VISTA DO TOLDO","1"
"ARACATI","1"
"SAO MIGUEL","1"
"EXTREMOZ","1"
"PIRAPORA DO BOM JESUS","1"
"IBARETAMA","1"
"GENERAL SALGADO","1"
"TURUCU","1"
"ALFREDO VASCONCELOS","1"
"PALMAS DE MONTE ALTO","1"
"DENISE","1"
"JOACABA","1"
"GUAPIARA","1"
"ARARICA","1"
"SAO THOME DAS LETRAS","1"
"SAO SEBASTIAO","1"
"PEIXOTO DE AZEVEDO","1"
"MORADA NOVA DE MINAS","1"
"ALCINOPOLIS","1"
"PEDREIRAS","1"
"SILVEIRANIA","1"
"CURRAIS NOVOS","1"
"GUIRICEMA","1"
"NOSSA SENHORA DO SOCORRO","1"
"PEDRAS ALTAS","1"
"BARAO DE MONTE ALTO","1"
"BRANQUINHA","1"
"RIO DO CAMPO","1"
"DESCANSO","1"
"MIRACATU","1"
"PERDIGAO","1"
"BOM DESPACHO","1"
"SAO GONCALO DO PIAUI","1"
"SOUSA","1"
"AGUA DOCE DO NORTE","1"
"JOSE DA PENHA","1"
"VISTA ALEGRE DO PRATA","1"
"ABAETE","1"
"COCAL","1"
"PIRANHAS","1"
"MADRE DE DEUS DE MINAS","1"
"GRAVATAI","1"
"ALVINOPOLIS","1"
"PACO DO LUMIAR","1"
"TAGUATINGA","1"
"MACATUBA","1"
"MAE D'AGUA","1"
"SERRA DO MEL","1"
"CONCEICAO DO TOCANTINS","1"
"GOIANA","1"
"PORTO DE PEDRAS","1"
"BURITIRANA","1"
"NOVA BELEM","1"
"CASTILHO","1"
"CORUMBA","1"
"JOAO ALFREDO","1"
"NOVA ERA","1"
"CARDOSO","1"
"IPOJUCA","1"
"BENEDITINOS","1"
"PEDRO DO ROSARIO","1"
"RELVADO","1"
"OURO VERDE","1"
"ARACARIGUAMA","1"
"ARATIBA","1"
"CRATO","1"
"MIRANDOPOLIS","1"
"ITA","1"
"IPEUNA","1"
"TUNAS DO PARANA","1"
"SIMONESIA","1"
"LAVANDEIRA","1"
"ARACUAI","1"
"FERRAZ DE VASCONCELOS","1"
"ITAMOGI","1"
"PALMARES PAULISTA","1"
"IBIASSUCE","1"
"LAGOA VERMELHA","1"
"MARMELOPOLIS","1"
"AGUAS FRIAS","1"
"CAMOCIM DE SAO FELIX","1"
"ALCANTARAS","1"
"PAINEIRAS","1"
"LINDOIA","1"
"SANTA QUITERIA","1"
"DOIS LAJEADOS","1"
"PEDRALVA","1"
"CHOROZINHO","1"
"FORTUNA DE MINAS","1"
"BOTUCATU","1"
"BOA ESPERANCA","1"
"NOVA ERECHIM","1"
"PARAMIRIM","1"
"SAO JOSE DO HORTENCIO","1"
"CONCHAS","1"
"CUNHA PORA","1"
"FAXINAL DO SOTURNO","1"
"CAMARAGIBE","1"
"TRAVESSEIRO","1"
"MIRASSOLANDIA","1"
"CARMO DO RIO CLARO","1"
"SANTA ISABEL","1"
"SAO JOSE DO CALCADO","1"
"BARRA DO CORDA","1"
"AREALVA","1"
"CAPINOPOLIS","1"
"ITAPACI","1"
"CAJAMAR","1"
"APARECIDA D'OESTE","1"
"PARAPUA","1"
"TERRA ROXA","1"
"IBAITI","1"
"CORONEL VIVIDA","1"
"ITAPERUNA","1"
"SAO BENTO DO TRAIRI","1"
"LIBERDADE","1"
"SANTANA DE PIRAPAMA","1"
"MARILANDIA DO SUL","1"
"MATO LEITAO","1"
"MONTE AZUL PAULISTA","1"
"ALTO ALEGRE DO PINDARE","1"
"CRUZEIRO","1"
"TRES CORACOES","1"
"ARAPORA","1"
"SAO JORGE DO PATROCINIO","1"
"ESPIGAO D'OESTE","1"
"IGUATEMI","1"
"PLACIDO DE CASTRO","1"
"SAO JOSE DO CERRITO","1"
"TAILANDIA","1"
"CATANDUVAS","1"
"SERRINHA","1"
"CORREGO NOVO","1"
"PENDENCIAS","1"
"MACAPARANA","1"
"ARARI","1"
"CARMO DO CAJURU","1"
"LAURO DE FREITAS","1"
"MANOEL RIBAS","1"
"SAO DOMINGOS DE POMBAL","1"
"FERNANDES TOURINHO","1"
"ITAPURANGA","1"
"BRACO DO NORTE","1"
"MATA GRANDE","1"
"MORADA NOVA","1"
"EMBAUBA","1"
"MILAGRES","1"
"REMIGIO","1"
"ESTACAO","1"
"ARARENDA","1"
"URUANA","1"
"EMBU-GUACU","1"
"PROGRESSO","1"
"FATIMA DO SUL","1"
"QUIXELO","1"
"ORLEANS","1"
"APUCARANA","1"
"CORUMBATAI","1"
"SENADOR SA","1"
"JUPIA","1"
"ARROIO TRINTA","1"
"CACHOEIRA DA PRATA","1"
"JABORANDI","1"
"ITAPUA DO OESTE","1"
"HELIOPOLIS","1"
"ESTRELA DO NORTE","1"
"ITAPETINGA","1"
"SARANDI","1"
"GROAIRAS","1"
"CONCEICAO DAS PEDRAS","1"
"BARRA DO RIBEIRO","1"
"BOM SUCESSO","1"
"CASTELO DO PIAUI","1"
"QUISSAMA","1"
"MORENO","1"
"PALMACIA","1"
"FLORA RICA","1"
"GOVERNADOR CELSO RAMOS","1"
"TAPIRA","1"
"SERRA NEGRA","1"
"CAXAMBU","1"
"BONITO DE SANTA FE","1"
"MAMBORE","1"
"SAO JOSE DO NORTE","1"
"NOSSA SENHORA DOS REMEDIOS","1"
"DOM BOSCO","1"
"SAO SEBASTIAO DE LAGOA DE ROCA","1"
"APUIARES","1"
"COCAL DO SUL","1"
"SANTA BARBARA DO LESTE","1"
"BREJETUBA","1"
"CABO FRIO","1"
"VERDELANDIA","1"
"PACAJA","1"
"CONCEICAO DO COITE","1"
"NOVA ITABERABA","1"
"LAGOA DOS TRES CANTOS","1"
"PENALVA","1"
"NOVO TIRADENTES","1"
"TROMBUDO CENTRAL","1"
"CAJUEIRO","1"
"CENTRALINA","1"
"BURITICUPU","1"
"LONTRA","1"
"PALESTINA DO PARA","1"
"CANHOBA","1"
"CRISTALANDIA","1"
"RESTINGA","1"
"PORANGABA","1"
"MARIALVA","1"
"PIRACEMA","1"
"SANTA TEREZINHA DO PROGRESSO","1"
"MAURILANDIA","1"
"DIAMANTE DO SUL","1"
"VICENTINA","1"
"CUTIAS","1"
"CAJARI","1"
"MARACAJA","1"
"SUCUPIRA","1"
"IRAQUARA","1"
"TAMANDARE","1"
"MATINHOS","1"
"ARAUA","1"
"SAO JOSE DO DIVINO","1"
"SIMAO DIAS","1"
"ARRAIAL DO CABO","1"
"SAPUCAI-MIRIM","1"
"GENTIL","1"
"PEDRA BRANCA DO AMAPARI","1"
"NOVA PRATA","1"
"ABAETETUBA","1"
"SANTA RITA DE CASSIA","1"
"OIAPOQUE","1"
"MURUTINGA DO SUL","1"
"AUGUSTO PESTANA","1"
"CLEVELANDIA","1"
"CARAPICUIBA","1"
"SANTA CRUZ DE GOIAS","1"
"SETE QUEDAS","1"
"PIRANGUCU","1"
"JUNDIA","1"
"MACHADO","1"
"GALIA","1"
"JEQUIÉ","1"
"ANANINDEUA","1"
"RIO DOS CEDROS","1"
"FRANCISCO SA","1"
"ABRE CAMPO","1"
"AGUA DOCE","1"
"ITAI","1"
"JUAZEIRO DO PIAUI","1"
"JABOTI","1"
"CHOPINZINHO","1"
"MONTEZUMA","1"
"PINDORAMA","1"
"SAO BENTO DO SAPUCAI","1"
"ROSARIO","1"
"CAFELANDIA","1"
"CAMPESTRE DO MARANHAO","1"
"SAO JOSE DO CAMPESTRE","1"
"ALEXANIA","1"
"PERUIBE","1"
"TAQUARITUBA","1"
"ISRAELANDIA","1"
"PONTE NOVA","1"
"CORNELIO PROCOPIO","1"
"MASSAPE DO PIAUI","1"
"ARANTINA","1"
"GUARAREMA","1"
"BOM JESUS DA PENHA","1"
"ALENQUER","1"
"JEQUITAI","1"
"ROCA SALES","1"
"BARRA DO RIO AZUL","1"
"HELIODORA","1"
"TRES RIOS","1"
"MIGUEL PEREIRA","1"
"ILHOTA","1"
"QUARAI","1"
"GRACA","1"
"MARQUES DE SOUZA","1"
"JUVENILIA","1"
"ALTO RIO DOCE","1"
"CACONDE","1"
"AGUANIL","1"
"DIVINO DAS LARANJEIRAS","1"
"RIO PARDO DE MINAS","1"
"ITAMARANDIBA","1"
"BALSAS","1"
"GUAPORE","1"
"DOM VICOSO","1"
"CONFINS","1"
"NOVA ALIANCA","1"
"CORBELIA","1"
"PADRE PARAISO","1"
"PORECATU","1"
"NEROPOLIS","1"
"IRAUCUBA","1"
"TUIUTI","1"
"SERRO","1"
"SAO JOAO DA URTIGA","1"
"BARREIRINHA","1"
"ILOPOLIS","1"
"DOIS CORREGOS","1"
"MARLIERIA","1"
"CABO VERDE","1"
"SENADOR POMPEU","1"
"WENCESLAU BRAZ","1"
"JARU","1"
"URANIA","1"
"PINDORAMA DO TOCANTINS","1"
"SIMPLICIO MENDES","1"
"MEDIANEIRA","1"
"SALESOPOLIS","1"
"MONTE AZUL","1"
"RIO DAS ANTAS","1"
"CACHOEIRA DO SUL","1"
"AIMORES","1"
"SEVERIANO MELO","1"
"BALNEARIO ARROIO DO SILVA","1"
"SEVERINIA","1"
"FRUTUOSO GOMES","1"
"ITANHANDU","1"
"SANTO ANTONIO DA ALEGRIA","1"
"RIO CASCA","1"
"IBIRA","1"
"TRES ARROIOS","1"
"GOIANIRA","1"
"BERTIOGA","1"
"JERONIMO MONTEIRO","1"
"MARIANO MORO","1"
"LAURO MULLER","1"
"MORRO DA FUMACA","1"
"IPABA","1"
"MARACAI","1"
"ABDON BATISTA","1"
"CHARQUEADA","1"
"MENDONCA","1"
"LIVRAMENTO DE NOSSA SENHORA","1"
"MILHA","1"
"MAIRI","1"
"SENTO SE","1"
"TAQUARANA","1"
"GUARIBA","1"
"AGUA SANTA","1"
"BOM JESUS DA LAPA","1"
"CERES","1"
"VIADUTOS","1"
"BARREIRINHAS","1"
"AMELIA RODRIGUES","1"
"CAPITAO POCO","1"
"URUBURETAMA","1"
"PORTO BELO","1"
"RIO NEGRINHO","1"
"VILA NOVA DO PIAUI","1"
"JOSE DE FREITAS","1"
"PRATANIA","1"
"URUACU","1"
"IGUARACI","1"
"RIO AZUL","1"
"FERNANDO PRESTES","1"
"CORIBE","1"
"PEROBAL","1"
"JARDINOPOLIS","1"
"IACU","1"
"LAGOA DE DENTRO","1"
"JANIOPOLIS","1"
"PALMEIRAS DE GOIAS","1"
"ILHABELA","1"
"ALDEIAS ALTAS","1"
"ARTUR NOGUEIRA","1"
"PONTE ALTA DO NORTE","1"
"SAO CRISTOVAO DO SUL","1"
"MADALENA","1"
"IBITIRAMA","1"
"LAJES PINTADAS","1"
"PAULO AFONSO","1"
"ASSUNCAO DO PIAUI","1"
"BALSAMO","1"
"IMBE","1"
"CODO","1"
"AREADO","1"
"IRUPI","1"
"QUEIMADAS","1"
"NOVA CRUZ","1"
"ITAMBE","1"
"CABACEIRAS","1"
"NOSSA SENHORA DA GLORIA","1"
"CRUZEIRO DO IGUACU","1"
"PARANAPUA","1"
"SIQUEIRA CAMPOS","1"
"LUIS DOMINGUES","1"
"PEDRO REGIS","1"
"BELEM DO BREJO DO CRUZ","1"
"NOVA MONTE VERDE","1"
"MORRO DO CHAPEU DO PIAUI","1"
"PARACURU","1"
"PANELAS","1"
"GRAMADO XAVIER","1"
"CHAVAL","1"
"PEDRA","1"
"CAMBORIU","1"
"SEROPEDICA","1"
"FLOREAL","1"
"IMACULADA","1"
"PRADO FERREIRA","1"
"AGRESTINA","1"
"RIO DE CONTAS","1"
"SAO JOSE DO BELMONTE","1"
"SEM PEIXE","1"
"LAGARTO","1"
"ERVALIA","1"
"TOCANTINS","1"
"SAO VALENTIM DO SUL","1"
"GUADALUPE","1"
"CAMPO BONITO","1"
"VERA MENDES","1"
"CAMPO LARGO","1"
"OLHO D AGUA DO PIAUI","1"
"INDIAPORA","1"
"PACATUBA","1"
"ARAQUARI","1"
"PROPRIA","1"
"VALPARAISO","1"
"ACRELANDIA","1"
"CONCEICAO DO MATO DENTRO","1"
"IBIAPINA","1"
"SAO LOURENCO","1"
"PACARAIMA","1"
"IGARAPE","1"
"MONTENEGRO","1"
"SALTO DO JACUI","1"
"VENANCIO AIRES","1"
"BEBERIBE","1"
"ITAUEIRA","1"
"TERESINA DE GOIAS","1"
"HORIZONTE","1"
"BACURI","1"
"TIGRINHOS","1"
"TABAPORA","1"
"CASTRO","1"
"SALDANHA MARINHO","1"
"COROMANDEL","1"
"SAO MAMEDE","1"
"MADRE DE DEUS","1"
"COMBINADO","1"
"ARAPONGA","1"
"ACARI","1"
"IBIACA","1"
"PATO BRAGADO","1"
"SERROLANDIA","1"
"NOVA ESPERANCA","1"
"DIADEMA","1"
"XAVANTINA","1"
"AGUAI","1"
"CHAPADAO DO SUL","1"
"COSMORAMA","1"
"BREJO GRANDE DO ARAGUAIA","1"
"SAO JOAO DA PONTA","1"
"DUQUE BACELAR","1"
"MAUES","1"
"TARUMA","1"
"MANHUMIRIM","1"
"JARAGUA","1"
"PARANAITA","1"
"ARAUCARIA","1"
"FLORESTA","1"
"ADUSTINA","1"
"SAO DESIDERIO","1"
"SAO BENTO DO UNA","1"
"CARMO DE MINAS","1"
"SEVERIANO DE ALMEIDA","1"
"CONCHAL","1"
"BOM JESUS DAS SELVAS","1"
"ITAPAGE","1"
"IRARA","1"
"FERROS","1"
"MARILENA","1"
"PIQUEROBI","1"
"CEARA-MIRIM","1"
"BORDA DA MATA","1"
"XEXEU","1"
"ITAMONTE","1"
"TEFE","1"
"FELIZ","1"
"VARGEM GRANDE PAULISTA","1"
"CARNAUBA DOS DANTAS","1"
"SAO JOSE DO CEDRO","1"
"SAO LOURENCO DO OESTE","1"
"BELA VISTA DO PARAISO","1"
"MOREILANDIA","1"
"SANTA CARMEM","1"
"JOANOPOLIS","1"
"CARMO DA MATA","1"
"PANORAMA","1"
"DOUTOR RICARDO","1"
"SEBASTIANOPOLIS DO SUL","1"
"MIRANTE","1"
"DORMENTES","1"
"SANTO ANTONIO DO RETIRO","1"
"BUIQUE","1"
"VIAMAO","1"
"CAPUTIRA","1"
"DIVINOLANDIA","1"
"SANTA CECILIA DO SUL","1"
"ANADIA","1"
"NOVA BASSANO","1"
"PIEDADE","1"
"PEDRA BRANCA","1"
"SAO PEDRO DO SUACUI","1"
"JUAZEIRINHO","1"
"PORTO MURTINHO","1"
"MIRANTE DO PARANAPANEMA","1"
"MAGDA","1"
"ARAPUA","1"
"UCHOA","1"
"MONTE SIAO","1"
"ITABERA","1"
"MATINA","1"
"TERRA NOVA","1"
"VACARIA","1"
